config,test_year,brier_D,brier_D_PS,improvement_D_to_DPS,auc_D,auc_D_PS,n_test
w40_s0.25_n20,2021,0.07777424814479723,0.07761435101373801,0.0001598971310592251,0.6050275843997153,0.6133102610884102,6048
w40_s0.25_n20,2022,0.10198455025984952,0.10193566342533934,4.8886834510181165e-05,0.5888782601695824,0.5923836803692175,6024
w40_s0.25_n20,2023,0.0661849799476213,0.06606553116223685,0.00011944878538446002,0.5772307561017239,0.5794098822324629,6000
w40_s0.25_n20,2024,0.09118341309190296,0.09113119859055377,5.221450134919314e-05,0.5806969550680328,0.5829927229165549,6048
w40_s0.25_n20,2025,0.09047260021377206,0.09012443172079243,0.00034816849297962527,0.6332950593596355,0.6387152236479194,6000
w40_s0.25_n20,2026,0.11218849610686259,0.11207401779692291,0.00011447830993967234,0.5534359127894137,0.5552163490122135,2904
w40_s0.25_n30,2021,0.07777424814479723,0.07764102643224907,0.00013322171254816217,0.6050275843997153,0.6126257307728957,6048
w40_s0.25_n30,2022,0.10198455025984952,0.10192149950020886,6.305075964066487e-05,0.5888782601695824,0.5927652409573898,6024
w40_s0.25_n30,2023,0.0661849799476213,0.0660822835296359,0.00010269641798540952,0.5772307561017239,0.5787674944529784,6000
w40_s0.25_n30,2024,0.09118341309190296,0.09117036511661483,1.3047975288130176e-05,0.5806969550680328,0.5819050343590385,6048
w40_s0.25_n30,2025,0.09047260021377206,0.09011223055926765,0.0003603696545044083,0.6332950593596355,0.6389441179997601,6000
w40_s0.25_n30,2026,0.11218849610686259,0.11208996137104046,9.85347358221228e-05,0.5534359127894137,0.5549116470468328,2904
w40_s0.25_n50,2021,0.07777424814479723,0.07758536764648452,0.00018888049831271292,0.6050275843997153,0.6145612630109805,6048
w40_s0.25_n50,2022,0.10198455025984952,0.10195826752939853,2.628273045099383e-05,0.5888782601695824,0.5922597134270688,6024
w40_s0.25_n50,2023,0.0661849799476213,0.0660261602391516,0.00015881970846970406,0.5772307561017239,0.5817430448882062,6000
w40_s0.25_n50,2024,0.09118341309190296,0.09118283771141228,5.75380490683286e-07,0.5806969550680328,0.5820163361881433,6048
w40_s0.25_n50,2025,0.09047260021377206,0.09004975636490634,0.0004228438488657199,0.6332950593596355,0.6401254646840149,6000
w40_s0.25_n50,2026,0.11218849610686259,0.11206138126096638,0.0001271148458962118,0.5534359127894137,0.5557089682175679,2904
w40_s0.50_n20,2021,0.07777424814479723,0.07741521080450048,0.0003590373402967556,0.6050275843997153,0.6194351258638955,6048
w40_s0.50_n20,2022,0.10198455025984952,0.10194954610740423,3.500415244529764e-05,0.5888782601695824,0.5923966942148761,6024
w40_s0.50_n20,2023,0.0661849799476213,0.06596626753481914,0.00021871241280216336,0.5772307561017239,0.5828249274620243,6000
w40_s0.50_n20,2024,0.09118341309190296,0.09118272930808156,6.837838213979985e-07,0.5806969550680328,0.5814692139438693,6048
w40_s0.50_n20,2025,0.09047260021377206,0.08995825640116152,0.0005143438126105349,0.6332950593596355,0.6411585621777192,6000
w40_s0.50_n20,2026,0.11218849610686259,0.11196196739657766,0.0002265287102849317,0.5534359127894137,0.5598006803241095,2904
w40_s0.50_n30,2021,0.07777424814479723,0.077439531868465,0.00033471627633223366,0.6050275843997153,0.6181771174897847,6048
w40_s0.50_n30,2022,0.10198455025984952,0.10191770074243277,6.684951741675604e-05,0.5888782601695824,0.5932111999570677,6024
w40_s0.50_n30,2023,0.0661849799476213,0.06597945994203147,0.00020552000558983485,0.5772307561017239,0.5814213176309951,6000
w40_s0.50_n30,2024,0.09118341309190296,0.09124146047552847,-5.804738362551187e-05,0.5806969550680328,0.5794590760905195,6048
w40_s0.50_n30,2025,0.09047260021377206,0.08996907271758996,0.000503527496182099,0.6332950593596355,0.6415878702482312,6000
w40_s0.50_n30,2026,0.11218849610686259,0.11200732443231197,0.00018117167455061756,0.5534359127894137,0.5586848553568092,2904
w40_s0.50_n50,2021,0.07777424814479723,0.07748032155023088,0.0002939265945663544,0.6050275843997153,0.6167579607302404,6048
w40_s0.50_n50,2022,0.10198455025984952,0.1019270369645293,5.751329532022176e-05,0.5888782601695824,0.5932027476655576,6024
w40_s0.50_n50,2023,0.0661849799476213,0.06597084266303749,0.00021413728458381798,0.5772307561017239,0.5804441884280594,6000
w40_s0.50_n50,2024,0.09118341309190296,0.09128070500255829,-9.729191065532827e-05,0.5806969550680328,0.578413852086276,6048
w40_s0.50_n50,2025,0.09047260021377206,0.09005150756592802,0.0004210926478440402,0.6332950593596355,0.6391076567933804,6000
w40_s0.50_n50,2026,0.11218849610686259,0.11209293271890633,9.55633879562573e-05,0.5534359127894137,0.5566299750293023,2904
w40_s1.00_n20,2021,0.07777424814479723,0.07751059360462273,0.0002636545401745044,0.6050275843997153,0.6180937407164517,6048
w40_s1.00_n20,2022,0.10198455025984952,0.10181719388064943,0.00016735637920009538,0.5888782601695824,0.5950370290866158,6024
w40_s1.00_n20,2023,0.0661849799476213,0.06585442486951919,0.00033055507810211826,0.5772307561017239,0.5846509643283837,6000
w40_s1.00_n20,2024,0.09118341309190296,0.09103977547900122,0.00014363761290174526,0.5806969550680328,0.5848881319768515,6048
w40_s1.00_n20,2025,0.09047260021377206,0.08979121598925928,0.0006813842245127766,0.6332950593596355,0.6460250029979614,6000
w40_s1.00_n20,2026,0.11218849610686259,0.11218242215075855,6.0739561040384915e-06,0.5534359127894137,0.5528583592383087,2904
w40_s1.00_n30,2021,0.07777424814479723,0.07731203589002877,0.00046221225476845984,0.6050275843997153,0.6228406116351937,6048
w40_s1.00_n30,2022,0.10198455025984952,0.10177827500353802,0.00020627525631150556,0.5888782601695824,0.5969518085220564,6024
w40_s1.00_n30,2023,0.0661849799476213,0.06582132086669447,0.00036365908092683696,0.5772307561017239,0.5862598139614268,6000
w40_s1.00_n30,2024,0.09118341309190296,0.09119569259944273,-1.2279507539764145e-05,0.5806969550680328,0.5809833300553678,6048
w40_s1.00_n30,2025,0.09047260021377206,0.08979246679934522,0.0006801334144268395,0.6332950593596355,0.6469856997241876,6000
w40_s1.00_n30,2026,0.11218849610686259,0.11215407648463734,3.44196222252513e-05,0.5534359127894137,0.5538796947459614,2904
w40_s1.00_n50,2021,0.07777424814479723,0.07730023787884312,0.00047401026595411677,0.6050275843997153,0.6228528729253897,6048
w40_s1.00_n50,2022,0.10198455025984952,0.10158226045669735,0.0004022898031521699,0.5888782601695824,0.6018137544273907,6024
w40_s1.00_n50,2023,0.0661849799476213,0.06578932212158098,0.00039565782604032707,0.5772307561017239,0.5858696023212152,6000
w40_s1.00_n50,2024,0.09118341309190296,0.09119545354009623,-1.2040448193265108e-05,0.5806969550680328,0.5812811779220082,6048
w40_s1.00_n50,2025,0.09047260021377206,0.08978495477957138,0.000687645434200676,0.6332950593596355,0.6462739836910901,6000
w40_s1.00_n50,2026,0.11218849610686259,0.11215142063619353,3.707547066905681e-05,0.5534359127894137,0.5544291137950365,2904
w60_s0.25_n20,2021,0.07777424814479723,0.07761616114011476,0.00015808700468247783,0.6050275843997153,0.6119909462633193,6048
w60_s0.25_n20,2022,0.10198455025984952,0.10196123046598306,2.3319793866466432e-05,0.5888782601695824,0.5916349146721047,6024
w60_s0.25_n20,2023,0.0661849799476213,0.06601636891973697,0.0001686110278843328,0.5772307561017239,0.5827090800477898,6000
w60_s0.25_n20,2024,0.09118341309190296,0.09124755900473555,-6.414591283258886e-05,0.5806969550680328,0.5798604778677728,6048
w60_s0.25_n20,2025,0.09047260021377206,0.09013399928673453,0.00033860092703752454,0.6332950593596355,0.6378114881880321,6000
w60_s0.25_n20,2026,0.11218849610686259,0.11187436111330393,0.0003141349935586596,0.5534359127894137,0.5617685029472218,2904
w60_s0.25_n30,2021,0.07777424814479723,0.07760808254535237,0.00016616559944486464,0.6050275843997153,0.6129616901242664,6048
w60_s0.25_n30,2022,0.10198455025984952,0.10194701636940963,3.7533890439894746e-05,0.5888782601695824,0.5925046957175057,6024
w60_s0.25_n30,2023,0.0661849799476213,0.06602172850779622,0.00016325143982508228,0.5772307561017239,0.5827948455367811,6000
w60_s0.25_n30,2024,0.09118341309190296,0.09126595587949744,-8.254278759448064e-05,0.5806969550680328,0.579651135070059,6048
w60_s0.25_n30,2025,0.09047260021377206,0.09007472634702009,0.0003978738667519688,0.6332950593596355,0.6396582324019666,6000
w60_s0.25_n30,2026,0.11218849610686259,0.11184694255308393,0.00034155355377865626,0.5534359127894137,0.5621024010939544,2904
w60_s0.25_n50,2021,0.07777424814479723,0.07768606398271688,8.818416208035418e-05,0.6050275843997153,0.6112433578839396,6048
w60_s0.25_n50,2022,0.10198455025984952,0.10197469371313156,9.856546717965098e-06,0.5888782601695824,0.5918750670816786,6024
w60_s0.25_n50,2023,0.0661849799476213,0.0659749682264019,0.0002100117212193997,0.5772307561017239,0.5850616572793992,6000
w60_s0.25_n50,2024,0.09118341309190296,0.09125788826165424,-7.4475169751273e-05,0.5806969550680328,0.5804151990321063,6048
w60_s0.25_n50,2025,0.09047260021377206,0.09006347424704891,0.0004091259667231423,0.6332950593596355,0.6400137906223768,6000
w60_s0.25_n50,2026,0.11218849610686259,0.1119006817762837,0.00028781433057888106,0.5534359127894137,0.5610863739829113,2904
w60_s0.50_n20,2021,0.07777424814479723,0.07756471240324243,0.00020953574155480048,0.6050275843997153,0.6154156997763541,6048
w60_s0.50_n20,2022,0.10198455025984952,0.10204065270899791,-5.610244914838747e-05,0.5888782601695824,0.5909309595363315,6024
w60_s0.50_n20,2023,0.0661849799476213,0.06589236451943915,0.00029261542818215247,0.5772307561017239,0.5879426949991466,6000
w60_s0.50_n20,2024,0.09118341309190296,0.0911293206398092,5.4092452093756904e-05,0.5806969550680328,0.5823152270438114,6048
w60_s0.50_n20,2025,0.09047260021377206,0.09003343304209571,0.000439167171676344,0.6332950593596355,0.6387915217651996,6000
w60_s0.50_n20,2026,0.11218849610686259,0.11189464172924345,0.00029385437761914046,0.5534359127894137,0.5638154206798145,2904
w60_s0.50_n30,2021,0.07777424814479723,0.0776325530059403,0.00014169513885693708,0.6050275843997153,0.6136045320531145,6048
w60_s0.50_n30,2022,0.10198455025984952,0.10193512233674588,4.942792310363986e-05,0.5888782601695824,0.5938322421380273,6024
w60_s0.50_n30,2023,0.0661849799476213,0.0659295604778524,0.00025541946976891106,0.5772307561017239,0.5866385048643112,6000
w60_s0.50_n30,2024,0.09118341309190296,0.09117143309672132,1.1979995181640724e-05,0.5806969550680328,0.5812713440254609,6048
w60_s0.50_n30,2025,0.09047260021377206,0.08997797794202608,0.0004946222717459731,0.6332950593596355,0.6402813586761003,6000
w60_s0.50_n30,2026,0.11218849610686259,0.11185098598704742,0.00033751011981517087,0.5534359127894137,0.5649641577060932,2904
w60_s0.50_n50,2021,0.07777424814479723,0.07753137118607198,0.00024287695872525494,0.6050275843997153,0.6175698333025049,6048
w60_s0.50_n50,2022,0.10198455025984952,0.10198081158963004,3.7386702194802668e-06,0.5888782601695824,0.5934598046581517,6024
w60_s0.50_n50,2023,0.0661849799476213,0.06586347907910424,0.00032150086851706616,0.5772307561017239,0.589003029527223,6000
w60_s0.50_n50,2024,0.09118341309190296,0.09118765979175028,-4.2466998473184026e-06,0.5806969550680328,0.5820239351082026,6048
w60_s0.50_n50,2025,0.09047260021377206,0.0899094540565954,0.0005631461571766611,0.6332950593596355,0.6417616021105649,6000
w60_s0.50_n50,2026,0.11218849610686259,0.11185676519530466,0.00033173091155792866,0.5534359127894137,0.5646647641373219,2904
w60_s1.00_n20,2021,0.07777424814479723,0.07728685097591732,0.0004873971688799106,0.6050275843997153,0.6184354803903434,6048
w60_s1.00_n20,2022,0.10198455025984952,0.1017631034660283,0.00022144679382121724,0.5888782601695824,0.5971969249758505,6024
w60_s1.00_n20,2023,0.0661849799476213,0.06581647169150474,0.000368508256116562,0.5772307561017239,0.5865282044717529,6000
w60_s1.00_n20,2024,0.09118341309190296,0.09110150452344368,8.190856845928518e-05,0.5806969550680328,0.5844079100287866,6048
w60_s1.00_n20,2025,0.09047260021377206,0.08991813786635633,0.0005544623474157268,0.6332950593596355,0.6387642403165847,6000
w60_s1.00_n20,2026,0.11218849610686259,0.1122709684047103,-8.247229784771881e-05,0.5534359127894137,0.5539083600876522,2904
w60_s1.00_n30,2021,0.07777424814479723,0.0773940114394952,0.00038023670530203113,0.6050275843997153,0.6184493181321361,6048
w60_s1.00_n30,2022,0.10198455025984952,0.10175803981104659,0.00022651044880293847,0.5888782601695824,0.5977456531072234,6024
w60_s1.00_n30,2023,0.0661849799476213,0.06593689491445541,0.0002480850331658957,0.5772307561017239,0.5806451612903225,6000
w60_s1.00_n30,2024,0.09118341309190296,0.09124029878757299,-5.68856956700281e-05,0.5806969550680328,0.5799400430307473,6048
w60_s1.00_n30,2025,0.09047260021377206,0.08983510177918562,0.0006374984345864365,0.6332950593596355,0.6420480573210217,6000
w60_s1.00_n30,2026,0.11218849610686259,0.11228777132962106,-9.927522275847422e-05,0.5534359127894137,0.5526677878000306,2904
w60_s1.00_n50,2021,0.07777424814479723,0.07731204334334858,0.0004622048014486513,0.6050275843997153,0.622141017448867,6048
w60_s1.00_n50,2022,0.10198455025984952,0.10164107107753646,0.0003434791823130612,0.5888782601695824,0.6007808307395084,6024
w60_s1.00_n50,2023,0.0661849799476213,0.06576475900439864,0.00042022094322266557,0.5772307561017239,0.587871010411333,6000
w60_s1.00_n50,2024,0.09118341309190296,0.09126623895280983,-8.282586090686828e-05,0.5806969550680328,0.5803542586731987,6048
w60_s1.00_n50,2025,0.09047260021377206,0.08973277937288136,0.0007398208408906926,0.6332950593596355,0.6442738937522485,6000
w60_s1.00_n50,2026,0.11218849610686259,0.11237608410155012,-0.00018758799468752974,0.5534359127894137,0.5506760773921758,2904
w120_s0.25_n20,2021,0.07777424814479723,0.07764981934754922,0.00012442879724801348,0.6050275843997153,0.6118774417483619,6048
w120_s0.25_n20,2022,0.10198455025984952,0.10199144515187263,-6.894892023101562e-06,0.5888782601695824,0.5916184125791565,6024
w120_s0.25_n20,2023,0.0661849799476213,0.06618226062882185,2.7193187994573043e-06,0.5772307561017239,0.5770417306707629,6000
w120_s0.25_n20,2024,0.09118341309190296,0.09122021341725998,-3.68003253570226e-05,0.5806969550680328,0.5814273453843266,6048
w120_s0.25_n20,2025,0.09047260021377206,0.09015182672672514,0.0003207734870469131,0.6332950593596355,0.6379591377863053,6000
w120_s0.25_n20,2026,0.11218849610686259,0.1119942446723346,0.00019425143452798943,0.5534359127894137,0.5588786118330531,2904
w120_s0.25_n30,2021,0.07777424814479723,0.07764117685809381,0.00013307128670342339,0.6050275843997153,0.6122226846480239,6048
w120_s0.25_n30,2022,0.10198455025984952,0.10191645752983314,6.809273001638638e-05,0.5888782601695824,0.5930738166791887,6024
w120_s0.25_n30,2023,0.0661849799476213,0.06614618696476199,3.879298285931754e-05,0.5772307561017239,0.5779621095750127,6000
w120_s0.25_n30,2024,0.09118341309190296,0.09116499320007061,1.841989183234971e-05,0.5806969550680328,0.5821020102868518,6048
w120_s0.25_n30,2025,0.09047260021377206,0.09009837271019906,0.0003742275035729936,0.6332950593596355,0.6397198405084543,6000
w120_s0.25_n30,2026,0.11218849610686259,0.11194788848115368,0.00024060762570890515,0.5534359127894137,0.5597953719275001,2904
w120_s0.25_n50,2021,0.07777424814479723,0.07763087076053385,0.0001433773842633851,0.6050275843997153,0.6135680985051035,6048
w120_s0.25_n50,2022,0.10198455025984952,0.10193333454283747,5.1215717012054185e-05,0.5888782601695824,0.5925923043898251,6024
w120_s0.25_n50,2023,0.0661849799476213,0.06608536913459907,9.961081302223285e-05,0.5772307561017239,0.5794384707287934,6000
w120_s0.25_n50,2024,0.09118341309190296,0.09119822473138955,-1.4811639486592143e-05,0.5806969550680328,0.5815016956021621,6048
w120_s0.25_n50,2025,0.09047260021377206,0.0900723881553303,0.00040021205844176233,0.6332950593596355,0.6404804233121477,6000
w120_s0.25_n50,2026,0.11218849610686259,0.11194611483837831,0.00024238126848427632,0.5534359127894137,0.5603145331159014,2904
w120_s0.50_n20,2021,0.07777424814479723,0.07755159734298465,0.00022265080181257946,0.6050275843997153,0.6163209333153968,6048
w120_s0.50_n20,2022,0.10198455025984952,0.10205777231239405,-7.322205254452208e-05,0.5888782601695824,0.5918027530320918,6024
w120_s0.50_n20,2023,0.0661849799476213,0.06593444845053728,0.000250531497084025,0.5772307561017239,0.585938940092166,6000
w120_s0.50_n20,2024,0.09118341309190296,0.09124751683473718,-6.41037428342206e-05,0.5806969550680328,0.578607699047006,6048
w120_s0.50_n20,2025,0.09047260021377206,0.08988466652895313,0.0005879336848189226,0.6332950593596355,0.6412422053003958,6000
w120_s0.50_n20,2026,0.11218849610686259,0.11203675144794024,0.00015174465892234257,0.5534359127894137,0.5588499464913622,2904
w120_s0.50_n30,2021,0.07777424814479723,0.07749407481504433,0.0002801733297529002,0.6050275843997153,0.6176714268498433,6048
w120_s0.50_n30,2022,0.10198455025984952,0.10196733082378735,1.7219436062171356e-05,0.5888782601695824,0.5937391327680583,6024
w120_s0.50_n30,2023,0.0661849799476213,0.06594324412155704,0.00024173582606426547,0.5772307561017239,0.5855299539170506,6000
w120_s0.50_n30,2024,0.09118341309190296,0.09125280502617242,-6.939193426945545e-05,0.5806969550680328,0.5783281779875675,6048
w120_s0.50_n30,2025,0.09047260021377206,0.08991081087233872,0.000561789341433333,0.6332950593596355,0.6405029080225446,6000
w120_s0.50_n30,2026,0.11218849610686259,0.1119667710744251,0.0002217250324374892,0.5534359127894137,0.5613093266405068,2904
w120_s0.50_n50,2021,0.07777424814479723,0.07746285517891185,0.00031139296588537924,0.6050275843997153,0.6198626945691592,6048
w120_s0.50_n50,2022,0.10198455025984952,0.10192288780659878,6.166245325074649e-05,0.5888782601695824,0.5943684930771707,6024
w120_s0.50_n50,2023,0.0661849799476213,0.06583593042458886,0.00034904952303244086,0.5772307561017239,0.5899276753712238,6000
w120_s0.50_n50,2024,0.09118341309190296,0.09117881045471173,4.602637191236658e-06,0.5806969550680328,0.5820118662351672,6048
w120_s0.50_n50,2025,0.09047260021377206,0.08988663477540886,0.0005859654383632007,0.6332950593596355,0.6408644621657273,6000
w120_s0.50_n50,2026,0.11218849610686259,0.11194707850200536,0.00024141760485722752,0.5534359127894137,0.5617520469177326,2904
w120_s1.00_n20,2021,0.07777424814479723,0.07734532035590477,0.00042892778889246086,0.6050275843997153,0.6174416152393124,6048
w120_s1.00_n20,2022,0.10198455025984952,0.10161485385638616,0.00036969640346336263,0.5888782601695824,0.5991844209509498,6024
w120_s1.00_n20,2023,0.0661849799476213,0.06598830357391673,0.00019667637370457403,0.5772307561017239,0.5789586533538147,6000
w120_s1.00_n20,2024,0.09118341309190296,0.09107678954247478,0.00010662354942818364,0.5806969550680328,0.5823340008463112,6048
w120_s1.00_n20,2025,0.09047260021377206,0.08981345607701952,0.0006591441367525402,0.6332950593596355,0.6423616440820242,6000
w120_s1.00_n20,2026,0.11218849610686259,0.11198337111620528,0.00020512499065730716,0.5534359127894137,0.5612636744296658,2904
w120_s1.00_n30,2021,0.07777424814479723,0.07721187051748336,0.0005623776273138703,0.6050275843997153,0.6209683126222625,6048
w120_s1.00_n30,2022,0.10198455025984952,0.1016151377757387,0.0003694124841108204,0.5888782601695824,0.6002083556938929,6024
w120_s1.00_n30,2023,0.0661849799476213,0.0658933507746506,0.0002916291729707088,0.5772307561017239,0.5851041133299197,6000
w120_s1.00_n30,2024,0.09118341309190296,0.09110615742707343,7.725566482953694e-05,0.5806969550680328,0.5818004374593979,6048
w120_s1.00_n30,2025,0.09047260021377206,0.08975502601479422,0.0007175741989778328,0.6332950593596355,0.6416933984890275,6000
w120_s1.00_n30,2026,0.11218849610686259,0.11202662422937265,0.0001618718774899358,0.5534359127894137,0.5594848307258489,2904
w120_s1.00_n50,2021,0.07777424814479723,0.07723581191037805,0.0005384362344191818,0.6050275843997153,0.6213536674569944,6048
w120_s1.00_n50,2022,0.10198455025984952,0.10155777600616228,0.00042677425368724264,0.5888782601695824,0.6018251583127616,6024
w120_s1.00_n50,2023,0.0661849799476213,0.0657254009037091,0.00045957904391220883,0.5772307561017239,0.5916634664618536,6000
w120_s1.00_n50,2024,0.09118341309190296,0.09104057493121738,0.0001428381606855822,0.5806969550680328,0.5850585861836733,6048
w120_s1.00_n50,2025,0.09047260021377206,0.08961579783247844,0.0008568023812936115,0.6332950593596355,0.6459383619138985,6000
w120_s1.00_n50,2026,0.11218849610686259,0.11205830911702615,0.0001301869898364394,0.5534359127894137,0.5597582131512341,2904
